{
  "root": {
    "players": [
      {
        "year": 1952,
        "firstname": "Khashaba Dadasaheb",
        "lastname": "Jadhav",
        "dob": "Jan 15, 1926",
        "dod": "Aug 14, 1984",
        "image": "data/Images/Khasaba.jpeg",
        "sport": "Wrestler",
        "medal": "Bronze",
        "location": "Helsinki",
        "content": "Despite having travelled to the Olympics once already and continuing to prove his mettle in India, KD Jadhav was initially not picked in the contingent for the Helsinki 1952 Olympics."
      },
      {
        "year": 1952,
        "firstname": "Kunwar Digvijai",
        "lastname": "Singh",
        "dob": "Feb 2 1922",
        "dod": "Mar 27 1978",
        "image": "data/Images/Kunwardigvijay.jpeg",
        "sport": "Hockey",
        "medal": "Gold",
        "location": "Helsinki",
        "content": "Singh received the Helms Trophy in 1953 for being the best hockey player in the world (1952) and the best sportsman of Asia (1953). This was the first time an Indian was awarded the Helms Trophy.In 1958, he was awarded the prestigious Padmashri award by the Government of India.\n "           
      },
      {
        "year": 1956,
        "firstname": "Udham Singh",
        "lastname": "Kullar",
        "dob": "Aug 4 1928",
        "dod": "Mar 23 2000",
        "image": "data/Images/Udham.jpg",
        "sport": "Hockey",
        "medal": "Gold",
        "location": "Melbourne",
        "content": "He was named the Captain of the Indian Hockey Federation team that went to a Warsaw tour in 1955 and to East Africa in 1959. Udham also led the Indian squad to World Cup Hockey held at Lyons, France."
      },
      {
        "year": 1960,
        "firstname": "Udham Singh",
        "lastname": "Kullar",
        "dob": "Aug 4 1928",
        "dod": "Mar 23 2000",
        "image": "data/Images/Udham.jpg",
        "sport": "Hockey",
        "medal": "Silver",
        "location": "Rome",
        "content": "He was named the Captain of the Indian Hockey Federation team that went to a Warsaw tour in 1955 and to East Africa in 1959. Udham also led the Indian squad to World Cup Hockey held at Lyons, France."
      },
      {
        "year": 1964,
        "firstname": "Udham Singh",
        "lastname": "Kullar",
        "dob": "Aug 4 1928",
        "dod": "Mar 23 2000",
        "image": "data/Images/Udham.jpg",
        "sport": "Hockey",
        "medal": "Gold",
        "location": "Tokyo",
        "content": "He was named the Captain of the Indian Hockey Federation team that went to a Warsaw tour in 1955 and to East Africa in 1959. Udham also led the Indian squad to World Cup Hockey held at Lyons, France."
      },
      {
        "year": 1968,
        "firstname": "Gurbux",
        "lastname": "Singh",
        "dob": "Feb 11 1936",
        "dod": "Alive",
        "image": "data/Images/gurubux.jpeg",
        "sport": "Hockey",
        "medal": "Bronze",
        "location": "Mexico",
        "content": "A skilled full-back player, Gurbux Singh made his international debut in a tour of Australia and New Zealand in 1960, and also participated in the International Hockey Tournament in 1962. By 1963 he was captain, and led the team that won the Gold at the 1966 Asian Games in Bangkok."
      },
      {
        "year": 1972,
        "firstname": "Charles",
        "lastname": "Cornelius",
        "dob": "Oct 20,1947",
        "dod": "Alive",
        "image": "data/Images/Charles.jpg",
        "sport": "  Hockey",
        "medal": "Bronze",
        "location": "Munchen",
        "content": "Indian Hockey player who played as goalkeeper from Kannur district in Kerala. He won a bronze medal at the 1972 Summer Olympics in Munich. \n        He is the 1st Keralite to win an Olympic medal. The second Keralite to win an Olympic medal is P. R. Sreejesh who won a Bronze on 5th Aug 2021 in Tokyo Olympics. \n        Both medals for Kerala have come via the goalkeepers of the National Hockey Team"
      },
      {
        "year": 1972,
        "firstname": "Manuel",
        "lastname": "Fredrick",
        "dob": "Oct 20,1947",
        "dod": "Alive",
        "image": "data/Images/manuel.jpeg",
        "sport": "  Hockey",
        "medal": "Bronze",
        "location": "Munchen",
        "content": "Indian Hockey player who played as goalkeeper from Kannur district in Kerala. He won a bronze medal at the 1972 Summer Olympics in Munich. \n        He is the 1st Keralite to win an Olympic medal. The second Keralite to win an Olympic medal is P. R. Sreejesh who won a Bronze on 5th Aug 2021 in Tokyo Olympics. \n        Both medals for Kerala have come via the goalkeepers of the National Hockey Team"
      },
      {
        "year": 1972,
        "firstname": "Ashok",
        "lastname": "Kumar",
        "dob": "Jun 1,1950",
        "dod": "Alive",
        "image": "data/Images/ashok.jpg",
        "sport": "  Hockey",
        "medal": "Bronze",
        "location": "Munchen",
        "content": "He is the son of the Indian hockey player Dhyan Chand. Kumar was known for his exceptional skills and ball control. \n        He was a member of the Indian team that won the 1975 World Cup.He was awarded the ArJUNa Award in 1974 and, in 1975, \n        scored the winning goal against Pakistan to achieve India's only win in the World Cup."
      },
      {
        "year": 1972,
        "firstname": "Michael",
        "lastname": "Kindo",
        "dob": "Jun 28,1946",
        "dod": "Dec 31,2020",
        "image": "data/Images/michael.jpg",
        "sport": "  Hockey",
        "medal": "Bronze",
        "location": "Munchen",
        "content": "Michael Kindo was born into a poor Oraon tribal family, in a small village known as Baighma, in Bihar(now Jharkhand) on 28 June 1946. \n        He first picked up the hockey stick at RC Boys Middle School in Kurdeg and then moved to St Mary´s High school, run by Jesuits in Simdega.\n He polished his skills and techniques of hockey very much as a professional under guidance in this school. After he finished his schooling he joined the Indian Navy"
      },
      {
        "year": 1972,
        "firstname": "Ganesh",
        "lastname": "Poovayya",
        "dob": "Jul 8,1946",
        "dod": "Alive",
        "image": "data/Images/ganesh.jpeg",
        "sport": "  Hockey",
        "medal": "Bronze",
        "location": "Munchen",
        "content": "Ganesh was born on 8 July 1946 in the Kodagu (earlier known as Coorg) district in Karnataka. He switched over to hockey when he joined the Indian Army and played in the hockey tournaments from 1966 - 1973. \n Ganesh has completed MA in English, Diploma in Sports Coaching from the National Institute of Sports, \n Patiala and Ph.D in Physical education."
      },
      {
        "year": 1976,
        "firstname": "India has not won any medals in this year",
        "lastname": "",
        "dob": "-",
        "dod": "-",
        "image": "data/Images/flag.jpeg",
        "sport": "-",
        "medal": "-",
        "location": "Munchen",
        "content": ""
      },
      {
        "year": 1980,
        "firstname": "Vasudevan",
        "lastname": "Baskaran",
        "dob": "Aug 17,1950",
        "dod": "Alive",
        "image": "data/Images/vasudevan.jpeg",
        "sport": "Hockey",
        "medal": "Gold",
        "location": "Moscow",
        "content": "won the gold medal at the 1980 Summer Olympics in Moscow,"
      },
      {
        "year": 1980,
        "firstname": "Bir",
        "lastname": "Chettri",
        "dob": "December 7,1955",
        "dod": "Alive",
        "image": "data/Images/birchetri.jpeg",
        "sport": "  Hockey",
        "medal": "Gold",
        "location": "Moscow",
        "content": "Played for the national Indian hockey team at the 1980 Summer Olympics in Moscow."
      },
      {
        "year": 1980,
        "firstname": "Davinder",
        "lastname": "Singh",
        "dob": "Jan 17,1958",
        "dod": "Alive",
        "image": "data/Images/davinder.jpg",
        "sport": "  Hockey",
        "medal": "Gold",
        "location": "Moscow",
        "content": ". He was part of the Indian hockey team that won the gold medal in the 1980 Summer Olympics"
      },
      {
        "year": 1980,
        "firstname": "Gurmail",
        "lastname": "Singh",
        "dob": "December 10,1959",
        "dod": "Alive",
        "image": "data/Images/gurmail.jpeg",
        "sport": "  Hockey",
        "medal": "Gold",
        "location": "Moscow",
        "content": "He was part of the Indian hockey team that won the gold medal in 1980 Summer Olympics at Moscow."
      },
      {
        "year": 1984,
        "firstname": "India has not won any medals in this year",
        "lastname": "",
        "dob": "-",
        "dod": "-",
        "image": "data/Images/flag.jpeg",
        "sport": "-",
        "medal": "-",
        "location": "Moscow",
        "content": ""
      },
      {
        "year": 1988,
        "firstname": "India has not won any medals in this year",
        "lastname": "-",
        "dob": "-",
        "dod": "-",
        "image": "data/Images/flag.jpeg",
        "sport": "-",
        "medal": "-",
        "location": "Moscow",
        "content": ""
      },
      {
        "year": 1992,
        "firstname": "India has not won any medals in this year",
        "lastname": "-",
        "dob": "-",
        "dod": "-",
        "image": "data/Images/flag.jpeg",
        "sport": "-",
        "medal": "-",
        "location": "Moscow",
        "content": ""
      },
      {
        "year": 1996,
        "firstname": "Leander",
        "lastname": "Paes",
        "dob": "June 17,1973",
        "dod": "Alive",
        "image": "data/Images/Leander Paes.jpg",
        "sport": "Tennis",
        "medal": "Bronze",
        "location": "Atlanta",
        "content": "It was the first Individual medal since 1952"
      },
      {
        "year": 2000,
        "firstname": "Karnam",
        "lastname": "Malleswari",
        "dob": "June 1,1975",
        "dod": "Alive",
        "image": "data/Images/malleswari.jpg",          
        "sport": "Weightlifting",
        "medal": "Bronze",
        "location": "Sydney",
        "content": "She became the first Indian woman to win an Olympic medal."
      },
      {
        "year": 2004,
        "firstname": "Rajyavardhan Singh",
        "lastname": "Rathore",
        "dob": "Jan 29 ,1970",
        "dod": "Alive",
        "image": "data/Images/Rajyavardhan Singh Rathore.jpg",
        "sport": "Shooting",
        "medal": "Silver",
        "location": "Athens",
        "content": "He won India's first ever individual silver at the Olympics."
      },
      {
        "year": 2008,
        "firstname": "Abhinav",
        "lastname": "Bindra",
        "dob": "Sep 28,1982",
        "dod": "Alive",
        "image": "data/Images/Abhinav Bindra.jpg",         
        "sport": "shooting",
        "medal": "Gold",
        "location": "Beijing",
        "content": "The first Indian to win an Individual Olympic Gold Medal."
      },
      {
        "year": 2008,
        "firstname": "Vijender",
        "lastname": "Singh",
        "dob": "Oct 29,1985",
        "dod": "Alive",
        "image": "data/Images/Vijender Singh.jpg",
        "sport": "Boxing",
        "medal": "Bronze",
        "location": "Beijing",
        "content": "The first Indian boxer to win an Olympic medal."
      },
      {
        "year": 2008,
        "firstname": "Sushil",
        "lastname": "Kumar",
        "dob": "May 26,1983",
        "dod": "Alive",
        "image": "data/Images/Sushil kumar.jpg",
        "sport": "Wrestling",
        "medal": "Bronze",
        "location": "Beijing",
        "content": "Won the gold medal in the 74 kg division at the 2014 Commonwealth Games."
      },
      {
        "year": 2012,
        "firstname": "Vijay",
        "lastname": "Kumar",
        "dob": "Aug 19,1985",
        "dod": "Alive",
        "image": "data/Images/Vijay Kumar.jpg",
        "sport": "shooting",
        "medal": "Silver",
        "location": "London",
        "content": "Won the Silver medal in the individual 25 metre rapid fire pistol event at the 2012 Summer Olympics."
      },
      {
        "year": 2012,
        "firstname": "Sushil",
        "lastname": "Kumar",
        "dob": "May 26,1983",
        "dod": "Alive",
        "image": "data/Images/Sushil kumar.jpg",          
        "sport": "Wrestling",
        "medal": "Silver",
        "location": "London",
        "content": "Won the gold medal in the 74 kg division at the 2014 Commonwealth Games."
      },
      {
        "year": 2012,
        "firstname": "Gagan",
        "lastname": "Narang",
        "dob": "May 6,1983",
        "dod": "Alive",
        "image": "data/Images/gagan.jpg",         
        "sport": "Shooting",
        "medal": "Bronze",
        "location": "London",
        "content": "Won the bronze medal in the Men's 10 m Air Rifle Event at the 2012 Summer Olympics"
      },
      {
        "year": 2012,
        "firstname": "Saina",
        "lastname": "Nehwal",
        "dob": "Mar 17,1990",
        "dod": "Alive",
        "image": "data/Images/Saina Nehwal.jpg",
        "sport": "Badminton",
        "medal": "Bronze",
        "location": "London",
        "content": "Represented India three times in the Olympics"
      },
      {
        "year": 2012,
        "firstname": "Mary",
        "lastname": "Kom",
        "dob": "Nov 12,1982",
        "dod": "Alive",
        "image": "data/Images/Mary Kom.jpg",
        "sport": "Boxing",
        "medal": "Bronze",
        "location": "London",
        "content": "The only woman to win the World Amateur Boxing Championship six times."
      },
      {
        "year": 2012,
        "firstname": "Yogeshwar",
        "lastname": "Dutt",
        "dob": "Nov 2,1982",
        "dod": "Alive",
        "image": "data/Images/Yogeshwar Dutt.jpg",          
        "sport": "Wrestling",
        "medal": "Bronze",
        "location": "London",
        "content": "Was awarded the Padma Shri by the Government of India in 2013."
      },
      {
        "year": 2016,
        "firstname": "Pusarla",
        "lastname": "Sindhu",
        "dob": "Jul 5,1995",
        "dod": "Alive",
        "image": "data/Images/Pv Sindhu.jpg",
        "sport": "Badminton",
        "medal": "Silver",
        "location": "Rio de Janeiro",
        "content": "Second Individual athlete from India to win two consecutive medals at the Olympic games."
      },
      {
        "year": 2016,
        "firstname": "Sakshi",
        "lastname": "Malik",
        "dob": "September 3,1992",
        "dod": "Alive",
        "image": "data/Images/Sakshi Malik.jpg",          
        "sport": "Wrestling",
        "medal": "Bronze",
        "location": "Rio de Janeiro",
        "content": "Part of the JSW Sports Excellence Program"
      },
      {
        "year": 2020,
        "firstname": "Neeraj",
        "lastname": "Chopra",
        "dob": "Dec 24,1997",
        "dod": "Alive",
        "image": "data/Images/Neeraj-Chopra.jpg",
        "sport": "Javelin throw",
        "medal": "Gold",
        "location": "Tokyo",
        "content": "First Asian athlete to win an Olympic gold medal in men's javelin throw."
      },
      {
        "year": 2020,
        "firstname": "Saikhom",
        "lastname": "Chanu",
        "dob": "August 8,1994",
        "dod": "Alive",
        "image": "data/Images/MirabaiChanu.jpg",         
        "sport": "Weightlifting",
        "medal": "Silver",
        "location": "Tokyo",
        "content": "Aarded Major Dhyan Chand Khel Ratna by the Government of India in 2018."
      },
      {
        "year": 2020,
        "firstname": "Ravi",
        "lastname": "Dahiya",
        "dob": "December 12,1997",
        "dod": "Alive",
        "image": "data/Images/Ravi kumar.jpg",          
        "sport": "Wrestling",
        "medal": "Silver",
        "location": "Tokyo",
        "content": "Dahiya is also a bronze medallist from 2019 World Wrestling Championships and a three-time Asian champion."
      },
      {
        "year": 2020,
        "firstname": "Lovlina",
        "lastname": "Borgohain",
        "dob": "Oct 2,1997",
        "dod": "Alive",
        "image": "data/Images/Lovlina.jpg",          
        "sport": "Boxing",
        "medal": "Bronze",
        "location": "Tokyo",
        "content": "First female athlete from Assam to represent the state in the Olympics."
      }
    ]
  }
}